{"stats":{"minecraft:custom":{"minecraft:time_since_rest":348434,"minecraft:sprint_one_cm":178236,"minecraft:walk_one_cm":277468,"minecraft:swim_one_cm":2768,"minecraft:fly_one_cm":4750448,"minecraft:play_one_minute":348434,"minecraft:crouch_one_cm":4598,"minecraft:sneak_time":25295,"minecraft:walk_under_water_one_cm":99619,"minecraft:jump":767,"minecraft:time_since_death":348434,"minecraft:leave_game":10,"minecraft:walk_on_water_one_cm":27541},"minecraft:picked_up":{"minecraft:repeater":2,"minecraft:torch":3,"minecraft:gravel":10,"minecraft:sand":13,"minecraft:redstone":7,"minecraft:lantern":1,"minecraft:leather_boots":1,"minecraft:oak_sign":1,"minecraft:lever":1,"minecraft:spruce_button":4,"minecraft:bread":12},"minecraft:used":{"minecraft:oak_log":32,"minecraft:oak_fence":83,"minecraft:glass":42,"minecraft:piston":4,"minecraft:lever":19,"minecraft:dark_oak_stairs":1,"minecraft:water_bucket":8,"minecraft:spruce_door":7,"minecraft:command_block":4,"minecraft:oak_stairs":23,"minecraft:redstone":28,"minecraft:spruce_button":10,"minecraft:smooth_sandstone":20,"minecraft:oak_planks":415,"minecraft:stone":369,"minecraft:redstone_block":13,"minecraft:oak_pressure_plate":1,"minecraft:dark_oak_button":4,"minecraft:stone_bricks":5,"minecraft:torch":45,"minecraft:sand":65,"minecraft:glowstone":22,"minecraft:repeater":12,"minecraft:redstone_lamp":29,"minecraft:brown_carpet":3,"minecraft:hay_block":9,"minecraft:oak_slab":14,"minecraft:birch_sign":30,"minecraft:acacia_fence":1,"minecraft:oak_wood":48,"minecraft:observer":106,"minecraft:oak_fence_gate":21,"minecraft:dark_oak_door":1,"minecraft:birch_stairs":8}},"DataVersion":2567}